Product Id,Product Handle,Product Title,Product Status,Product Thumbnail,Variant Id
prod_01KED06JFV3HKE4Z0XD00Q015Z,essence-mascara-lash-princess,Essence Mascara Lash Princess,published,https://cdn.dummyjson.com/product-images/beauty/essence-mascara-lash-princess/thumbnail.webp,variant_01KED0JHZT02DWYN6GF65X4X9E
prod_01KED06JFV4R3GHKWE1PHEW3Y6,red-lipstick,Red Lipstick,published,https://cdn.dummyjson.com/product-images/beauty/red-lipstick/thumbnail.webp,variant_01KED0JHZVDRZHSV1H6ABC9SXB
prod_01KED06JFV8HGQHW91P0PR1SX6,chanel-coco-noir-eau-de,Chanel Coco Noir Eau De,published,https://cdn.dummyjson.com/product-images/fragrances/chanel-coco-noir-eau-de/thumbnail.webp,variant_01KED0JHZVW0G6GD7PKH899ZZV
prod_01KED06JFV969S4BY3VGRVB4PK,powder-canister,Powder Canister,published,https://cdn.dummyjson.com/product-images/beauty/powder-canister/thumbnail.webp,variant_01KED0JHZVBMZZ9CSG13HVP7FC
prod_01KED06JFVD5P1A3HW6JBNW0TR,red-nail-polish,Red Nail Polish,published,https://cdn.dummyjson.com/product-images/beauty/red-nail-polish/thumbnail.webp,variant_01KED0JHZVNHJ2N8GX716TPMX7
prod_01KED06JFVSV8QD9T7G7CFM7NQ,eyeshadow-palette-with-mirror,Eyeshadow Palette with Mirror,published,https://cdn.dummyjson.com/product-images/beauty/eyeshadow-palette-with-mirror/thumbnail.webp,variant_01KED0JHZTC69HEB94MNS2T5TF
prod_01KED06JFVT4WP0YFVF2NHBWXE,calvin-klein-ck-one,Calvin Klein CK One,published,https://cdn.dummyjson.com/product-images/fragrances/calvin-klein-ck-one/thumbnail.webp,variant_01KED0JHZVCHGV4NAVEBPRB32P
prod_01KED06JFW02N6APM6SVBFQZRE,wooden-bathroom-sink-with-mirror,Wooden Bathroom Sink With Mirror,published,https://cdn.dummyjson.com/product-images/furniture/wooden-bathroom-sink-with-mirror/thumbnail.webp,variant_01KED0JHZX42TW3SR4K9F8J7H6
prod_01KED06JFW05R3A82A5BGERZMP,cat-food,Cat Food,published,https://cdn.dummyjson.com/product-images/groceries/cat-food/thumbnail.webp,variant_01KED0JHZYVT09WDPN3YPSQQ9E
prod_01KED06JFW5W3G81YVJ3ZCT7T5,apple,Apple,published,https://cdn.dummyjson.com/product-images/groceries/apple/thumbnail.webp,variant_01KED0JHZYZ7ZNGE1M56Z1KM8P
prod_01KED06JFW6E8MPNJ7C15AH61N,beef-steak,Beef Steak,published,https://cdn.dummyjson.com/product-images/groceries/beef-steak/thumbnail.webp,variant_01KED0JHZYA8YCVVK65E8KCM6M
prod_01KED06JFW994Z05VFG68RZCM6,annibale-colombo-sofa,Annibale Colombo Sofa,published,https://cdn.dummyjson.com/product-images/furniture/annibale-colombo-sofa/thumbnail.webp,variant_01KED0JHZXZ1V9BA9RP5EFD9Q5
prod_01KED06JFWA58AVSY0M5QNXQTR,bedside-table-african-cherry,Bedside Table African Cherry,published,https://cdn.dummyjson.com/product-images/furniture/bedside-table-african-cherry/thumbnail.webp,variant_01KED0JHZXTRC72J45P66HQTNY
prod_01KED06JFWAR9B0FNR3F1VCC85,annibale-colombo-bed,Annibale Colombo Bed,published,https://cdn.dummyjson.com/product-images/furniture/annibale-colombo-bed/thumbnail.webp,variant_01KED0JHZWAPSZ098VW0NXHJRM
prod_01KED06JFWBAB5Y9YQFMVR72VF,knoll-saarinen-executive-conference-chair,Knoll Saarinen Executive Conference Chair,published,https://cdn.dummyjson.com/product-images/furniture/knoll-saarinen-executive-conference-chair/thumbnail.webp,variant_01KED0JHZXXHT6KKZH2F5PQ2XV
prod_01KED06JFWFG0E9D8SQG9KR1FN,chicken-meat,Chicken Meat,published,https://cdn.dummyjson.com/product-images/groceries/chicken-meat/thumbnail.webp,variant_01KED0JHZYZM10CPQYE5EGT417
prod_01KED06JFWGCEAH3CGC8ZHB6EM,gucci-bloom-eau-de,Gucci Bloom Eau de,published,https://cdn.dummyjson.com/product-images/fragrances/gucci-bloom-eau-de/thumbnail.webp,variant_01KED0JHZWBR31ZHVSYN13XF48
prod_01KED06JFWP05F8QHRZ0WFQDCG,dolce-shine-eau-de,Dolce Shine Eau de,published,https://cdn.dummyjson.com/product-images/fragrances/dolce-shine-eau-de/thumbnail.webp,variant_01KED0JHZWX4J6NAKR4NQDE83B
prod_01KED06JFWP5DTG7YX05KJ5TVT,dior-jadore,Dior J'adore,published,https://cdn.dummyjson.com/product-images/fragrances/dior-j'adore/thumbnail.webp,variant_01KED0JHZW2K7KSXB9A95A6ATG
prod_01KED06JFWPJBA7D3W3C84QP95,cooking-oil,Cooking Oil,published,https://cdn.dummyjson.com/product-images/groceries/cooking-oil/thumbnail.webp,variant_01KED0JHZY523YHMZ24HDVTMHB
prod_01KED06JYQ129XKATEY2HPE04T,eggs,Eggs,published,https://cdn.dummyjson.com/product-images/groceries/eggs/thumbnail.webp,variant_01KED0JJC7V6X8KYY25E3H43PF
prod_01KED06JYQA8KCW41MVN64P34S,cucumber,Cucumber,published,https://cdn.dummyjson.com/product-images/groceries/cucumber/thumbnail.webp,variant_01KED0JJC7G80F7NRHMYSCYN6Z
prod_01KED06JYQC47ZSX9KC6F1EWG5,fish-steak,Fish Steak,published,https://cdn.dummyjson.com/product-images/groceries/fish-steak/thumbnail.webp,variant_01KED0JJC7VBWZ22HBP8E279BJ
prod_01KED06JYQNXPCVFZ7N40NJAPD,dog-food,Dog Food,published,https://cdn.dummyjson.com/product-images/groceries/dog-food/thumbnail.webp,variant_01KED0JJC79FT2SHHQYYC0RRHM
prod_01KED06JYR51VTD0B0A03ZMH87,kiwi,Kiwi,published,https://cdn.dummyjson.com/product-images/groceries/kiwi/thumbnail.webp,variant_01KED0JJC912JH96Q579ACKZF0
prod_01KED06JYR5Q3W5AG63YAV3AX7,protein-powder,Protein Powder,published,https://cdn.dummyjson.com/product-images/groceries/protein-powder/thumbnail.webp,variant_01KED0JJCABD3R7975WH1HAKAZ
prod_01KED06JYR8ZPS97QRPYHKSWE9,green-chili-pepper,Green Chili Pepper,published,https://cdn.dummyjson.com/product-images/groceries/green-chili-pepper/thumbnail.webp,variant_01KED0JJC8R8E1ZRE3XBMY7KTJ
prod_01KED06JYRB6G6CJS6VM93XRNA,green-bell-pepper,Green Bell Pepper,published,https://cdn.dummyjson.com/product-images/groceries/green-bell-pepper/thumbnail.webp,variant_01KED0JJC8WA6JZKPV4G367CK0
prod_01KED06JYRDEGQYRD9RP1Y51WB,honey-jar,Honey Jar,published,https://cdn.dummyjson.com/product-images/groceries/honey-jar/thumbnail.webp,variant_01KED0JJC8AASBACKS4VKCVAQH
prod_01KED06JYRGKJT5XEA1EJVZ2QK,milk,Milk,published,https://cdn.dummyjson.com/product-images/groceries/milk/thumbnail.webp,variant_01KED0JJC9S82MNEDQPGZQVAEY
prod_01KED06JYRJTVD7HNHX286FQ33,lemon,Lemon,published,https://cdn.dummyjson.com/product-images/groceries/lemon/thumbnail.webp,variant_01KED0JJC991C267GWFK09043F
prod_01KED06JYRMXYEQNY7XDG3YM5Z,nescafe-coffee,Nescafe Coffee,published,https://cdn.dummyjson.com/product-images/groceries/nescafe-coffee/thumbnail.webp,variant_01KED0JJC9ZSBNH9G43EK2X05J
prod_01KED06JYRNCTV8KMA4F3TH1V7,ice-cream,Ice Cream,published,https://cdn.dummyjson.com/product-images/groceries/ice-cream/thumbnail.webp,variant_01KED0JJC8EPKH2J8X9Q79B5T0
prod_01KED06JYRPCN1ATX67JHBSMRN,juice,Juice,published,https://cdn.dummyjson.com/product-images/groceries/juice/thumbnail.webp,variant_01KED0JJC99PCYMM6HF3DRJ2G8
prod_01KED06JYRPK32ZZQXT8PS2HF5,mulberry,Mulberry,published,https://cdn.dummyjson.com/product-images/groceries/mulberry/thumbnail.webp,variant_01KED0JJC9XTAZWWXWWY5NGAVY
prod_01KED06JYRSFW53HKQG2KBEBSA,potatoes,Potatoes,published,https://cdn.dummyjson.com/product-images/groceries/potatoes/thumbnail.webp,variant_01KED0JJCAJK8XJJSWZ8FNTZG5
prod_01KED06JYS2RX0F4E21S2EDD16,red-onions,Red Onions,published,https://cdn.dummyjson.com/product-images/groceries/red-onions/thumbnail.webp,variant_01KED0JJCA3TEQXT8VAYZWXFY7
prod_01KED06JYS5GR7CEA57ZFD7HN1,rice,Rice,published,https://cdn.dummyjson.com/product-images/groceries/rice/thumbnail.webp,variant_01KED0JJCAYQV182GBXDWZRPVK
prod_01KED06JYSD632DWH88RWFQXP5,strawberry,Strawberry,published,https://cdn.dummyjson.com/product-images/groceries/strawberry/thumbnail.webp,variant_01KED0JJCBF2PE8JEM3KE7QYKX
prod_01KED06JYSHRN129Q06HGD0YC6,soft-drinks,Soft Drinks,published,https://cdn.dummyjson.com/product-images/groceries/soft-drinks/thumbnail.webp,variant_01KED0JJCADCDER235WTN2P5JW
prod_01KED06KCX0KTQMWMMPS6FM1M1,water,Water,published,https://cdn.dummyjson.com/product-images/groceries/water/thumbnail.webp,variant_01KED0JJWPC3QMXPP7GA1PFVSH
prod_01KED06KCXGPAH2R0ADSQX4Q95,tissue-paper-box,Tissue Paper Box,published,https://cdn.dummyjson.com/product-images/groceries/tissue-paper-box/thumbnail.webp,variant_01KED0JJWNYBNQKVQDBTRXADF2
prod_01KED06KCY6C9QMKFF2GYJBNS5,chopping-board,Chopping Board,published,https://cdn.dummyjson.com/product-images/kitchen-accessories/chopping-board/thumbnail.webp,variant_01KED0JJWSM47EKYRFRYYV8Y7P
prod_01KED06KCY9JFAYA7FAB30F893,table-lamp,Table Lamp,published,https://cdn.dummyjson.com/product-images/home-decoration/table-lamp/thumbnail.webp,variant_01KED0JJWQBJSFAMM3TY5QJTAP
prod_01KED06KCY9M76B8FWBHCRY6A8,citrus-squeezer-yellow,Citrus Squeezer Yellow,published,https://cdn.dummyjson.com/product-images/kitchen-accessories/citrus-squeezer-yellow/thumbnail.webp,variant_01KED0JJWSD4KP9V1XDHAK07K7
prod_01KED06KCYAN1CH30S5D4DWFF1,plant-pot,Plant Pot,published,https://cdn.dummyjson.com/product-images/home-decoration/plant-pot/thumbnail.webp,variant_01KED0JJWQ6T0QS5T2BK9JTH13
prod_01KED06KCYHYD9ZE87YPQ1BDFN,decoration-swing,Decoration Swing,published,https://cdn.dummyjson.com/product-images/home-decoration/decoration-swing/thumbnail.webp,variant_01KED0JJWPME8ANKK4ES5DC4AE
prod_01KED06KCYSGMRYWCCTFTXH0YW,house-showpiece-plant,House Showpiece Plant,published,https://cdn.dummyjson.com/product-images/home-decoration/house-showpiece-plant/thumbnail.webp,variant_01KED0JJWQJF79PMVEGGANYJW0
prod_01KED06KCYT69NQ59YNPN46D35,black-whisk,Black Whisk,published,https://cdn.dummyjson.com/product-images/kitchen-accessories/black-whisk/thumbnail.webp,variant_01KED0JJWRPXN3NCCDAHBVCN2J
prod_01KED06KCYT7JKCSFX1SGKVQ2B,bamboo-spatula,Bamboo Spatula,published,https://cdn.dummyjson.com/product-images/kitchen-accessories/bamboo-spatula/thumbnail.webp,variant_01KED0JJWRN35D4JCY6V26V4ST
prod_01KED06KCYTHENMRCPBWHVT2JB,black-aluminium-cup,Black Aluminium Cup,published,https://cdn.dummyjson.com/product-images/kitchen-accessories/black-aluminium-cup/thumbnail.webp,variant_01KED0JJWRYGNKDSGEVEQB4K2R
prod_01KED06KCYVJVW03EHTK9TRT6Z,boxed-blender,Boxed Blender,published,https://cdn.dummyjson.com/product-images/kitchen-accessories/boxed-blender/thumbnail.webp,variant_01KED0JJWRC9MSTTH0ZHSK0ZES
prod_01KED06KCYWD5KZ612YNZK2KK0,family-tree-photo-frame,Family Tree Photo Frame,published,https://cdn.dummyjson.com/product-images/home-decoration/family-tree-photo-frame/thumbnail.webp,variant_01KED0JJWP3ZWM31YNR23AMJ9R
prod_01KED06KCYZXXMD2XK6HNST5KD,carbon-steel-wok,Carbon Steel Wok,published,https://cdn.dummyjson.com/product-images/kitchen-accessories/carbon-steel-wok/thumbnail.webp,variant_01KED0JJWSYB0JK2Q4D5JQZ6D4
prod_01KED06KCZ0DEB3SVF9WZMBNAH,egg-slicer,Egg Slicer,published,https://cdn.dummyjson.com/product-images/kitchen-accessories/egg-slicer/thumbnail.webp,variant_01KED0JJWSQGPJCM0NCK1TA5H8
prod_01KED06KCZ0YV8ENN7GFYMCPCR,fork,Fork,published,https://cdn.dummyjson.com/product-images/kitchen-accessories/fork/thumbnail.webp,variant_01KED0JJWTX2VPRNBPCY3G0A50
prod_01KED06KCZ3TS4GFC0T7AR5HW2,glass,Glass,published,https://cdn.dummyjson.com/product-images/kitchen-accessories/glass/thumbnail.webp,variant_01KED0JJWT35CGEMJSMYX54QE7
prod_01KED06KCZRJ476PK2A8056Z4J,fine-mesh-strainer,Fine Mesh Strainer,published,https://cdn.dummyjson.com/product-images/kitchen-accessories/fine-mesh-strainer/thumbnail.webp,variant_01KED0JJWTY06HNRXX9R1MBEPJ
prod_01KED06KCZT7R6TZ4T2X3R0X5T,electric-stove,Electric Stove,published,https://cdn.dummyjson.com/product-images/kitchen-accessories/electric-stove/thumbnail.webp,variant_01KED0JJWTW7D84FESEBCVMFPP
prod_01KED06KCZVXK9QEKPC1QGTSKB,grater-black,Grater Black,published,https://cdn.dummyjson.com/product-images/kitchen-accessories/grater-black/thumbnail.webp,variant_01KED0JJWTPRFRZ9JYFN2VGA1Q
prod_01KED06KYK27Z3S1KZF3MAYYSD,ice-cube-tray,Ice Cube Tray,published,https://cdn.dummyjson.com/product-images/kitchen-accessories/ice-cube-tray/thumbnail.webp,variant_01KED0JK91QX8M3YAXF9KZFP8C
prod_01KED06KYK80225S0E0W0XG2SF,kitchen-sieve,Kitchen Sieve,published,https://cdn.dummyjson.com/product-images/kitchen-accessories/kitchen-sieve/thumbnail.webp,variant_01KED0JK9124M3A2EFF7GD0WCT
prod_01KED06KYKEM2A0ASBM6ZHR0AF,hand-blender,Hand Blender,published,https://cdn.dummyjson.com/product-images/kitchen-accessories/hand-blender/thumbnail.webp,variant_01KED0JK918YJ0G2VJRK6YPETZ
prod_01KED06KYM3Q3KZF5294DJEYRK,plate,Plate,published,https://cdn.dummyjson.com/product-images/kitchen-accessories/plate/thumbnail.webp,variant_01KED0JK931CGZ818ECQ4AMA4K
prod_01KED06KYMA7FDD5ZMZ1ZTT03A,yellow-peeler,Yellow Peeler,published,https://cdn.dummyjson.com/product-images/kitchen-accessories/yellow-peeler/thumbnail.webp,variant_01KED0JK95QNMFQ34X6K26CN2Q
prod_01KED06KYMBQ400AA1J53AG4NA,spice-rack,Spice Rack,published,https://cdn.dummyjson.com/product-images/kitchen-accessories/spice-rack/thumbnail.webp,variant_01KED0JK94TQ8N40GT6YKGC874
prod_01KED06KYMCWNHPKHMRHY6V522,slotted-turner,Slotted Turner,published,https://cdn.dummyjson.com/product-images/kitchen-accessories/slotted-turner/thumbnail.webp,variant_01KED0JK94XRJBB7WGKHRKBZ4V
prod_01KED06KYMDNDVRNBJ26NGP9TB,lunch-box,Lunch Box,published,https://cdn.dummyjson.com/product-images/kitchen-accessories/lunch-box/thumbnail.webp,variant_01KED0JK921M5609EAFE1S3BSJ
prod_01KED06KYMDY3Y5DP68W8ZKMYE,red-tongs,Red Tongs,published,https://cdn.dummyjson.com/product-images/kitchen-accessories/red-tongs/thumbnail.webp,variant_01KED0JK93E5JHSTPXQKVDGAS4
prod_01KED06KYMM5V1W1A4JK7950QM,microwave-oven,Microwave Oven,published,https://cdn.dummyjson.com/product-images/kitchen-accessories/microwave-oven/thumbnail.webp,variant_01KED0JK92Z4FSWV69FKJD4Z5C
prod_01KED06KYMNDKW9CHE2410MW18,silver-pot-with-glass-cap,Silver Pot With Glass Cap,published,https://cdn.dummyjson.com/product-images/kitchen-accessories/silver-pot-with-glass-cap/thumbnail.webp,variant_01KED0JK93BRVV43Z3TPGMRVEX
prod_01KED06KYMPB9BNZQYGS823VA6,mug-tree-stand,Mug Tree Stand,published,https://cdn.dummyjson.com/product-images/kitchen-accessories/mug-tree-stand/thumbnail.webp,variant_01KED0JK92ZE6JDDF9T01QF32W
prod_01KED06KYMPCE4A935XSFKZG46,wooden-rolling-pin,Wooden Rolling Pin,published,https://cdn.dummyjson.com/product-images/kitchen-accessories/wooden-rolling-pin/thumbnail.webp,variant_01KED0JK959YY44HENAMXDTJ8J
prod_01KED06KYMQYV2J0GWGD89BSNA,knife,Knife,published,https://cdn.dummyjson.com/product-images/kitchen-accessories/knife/thumbnail.webp,variant_01KED0JK91DBPKGMZ89RR3XE7F
prod_01KED06KYMR956Z5CJCZTGHQB1,spoon,Spoon,published,https://cdn.dummyjson.com/product-images/kitchen-accessories/spoon/thumbnail.webp,variant_01KED0JK94SZ8EJM8D3A098T1Q
prod_01KED06KYMRYZAEMRRTQMWJAG5,tray,Tray,published,https://cdn.dummyjson.com/product-images/kitchen-accessories/tray/thumbnail.webp,variant_01KED0JK9458HSC5H9A0A9GRD1
prod_01KED06KYMS8RYTR5A6H3TGGTH,pan,Pan,published,https://cdn.dummyjson.com/product-images/kitchen-accessories/pan/thumbnail.webp,variant_01KED0JK93FR6WMKRYK2F6Q4TS
prod_01KED06KYNH1T8PPP98K6TJN40,apple-macbook-pro-14-inch-space-grey,Apple MacBook Pro 14 Inch Space Grey,published,https://cdn.dummyjson.com/product-images/laptops/apple-macbook-pro-14-inch-space-grey/thumbnail.webp,variant_01KED0JK95PS8W8T048K60G189
prod_01KED06KYNKDSXYQK5Q7WZK5GQ,asus-zenbook-pro-dual-screen-laptop,Asus Zenbook Pro Dual Screen Laptop,published,https://cdn.dummyjson.com/product-images/laptops/asus-zenbook-pro-dual-screen-laptop/thumbnail.webp,variant_01KED0JK95TSGTNF8EECK30A3W
prod_01KED06KYNWK9SEE3GRZ3KE842,huawei-matebook-x-pro,Huawei Matebook X Pro,published,https://cdn.dummyjson.com/product-images/laptops/huawei-matebook-x-pro/thumbnail.webp,variant_01KED0JK96G20T2MW4NCJF7H2R
prod_01KED06MBY20P563PGH0SG42TX,sports-sneakers-off-white-red-92,Sports Sneakers Off White Red,published,https://cdn.dummyjson.com/product-images/mens-shoes/sports-sneakers-off-white-red/thumbnail.webp,variant_01KED0JKSBFZW9PQCRY7V3ZPFS
prod_01KED06MBY3JW4TETXRXTYPW7P,man-plaid-shirt,Man Plaid Shirt,published,https://cdn.dummyjson.com/product-images/mens-shirts/man-plaid-shirt/thumbnail.webp,variant_01KED0JKS926V12NHA0AFX2QMN
prod_01KED06MBY3XNST06GHT7TEZPS,longines-master-collection,Longines Master Collection,published,https://cdn.dummyjson.com/product-images/mens-watches/longines-master-collection/thumbnail.webp,variant_01KED0JKSBC766MGVRVY7YCB74
prod_01KED06MBY43N6D7M94RJ9H1F7,rolex-cellini-moonphase,Rolex Cellini Moonphase,published,https://cdn.dummyjson.com/product-images/womens-watches/rolex-cellini-moonphase/thumbnail.webp,variant_01KED0JP64PT0N87VNZY1FK8M2
prod_01KED06MBY542BVRHGWF902MMB,new-dell-xps-13-9300-laptop,New DELL XPS 13 9300 Laptop,published,https://cdn.dummyjson.com/product-images/laptops/new-dell-xps-13-9300-laptop/thumbnail.webp,variant_01KED0JKS836ZA81Z39FGTXGXH
prod_01KED06MBY6PF3V99PXHKHQCT3,nike-baseball-cleats,Nike Baseball Cleats,published,https://cdn.dummyjson.com/product-images/mens-shoes/nike-baseball-cleats/thumbnail.webp,variant_01KED0JKSAZRVHCTK4SB3P6JCZ
prod_01KED06MBYAMSV8H2D0ET18HQZ,blue-black-check-shirt,Blue & Black Check Shirt,published,https://cdn.dummyjson.com/product-images/mens-shirts/blue-&-black-check-shirt/thumbnail.webp,variant_01KED0JKS8770X71BC3CHFSTE5
prod_01KED06MBYAWSQ4FQWXN8T1Z7X,nike-air-jordan-1-red-and-black,Nike Air Jordan 1 Red And Black,published,https://cdn.dummyjson.com/product-images/mens-shoes/nike-air-jordan-1-red-and-black/thumbnail.webp,variant_01KED0JKSAT2485HGCGBGP1W33
prod_01KED06MBYC2R202ZKDR70M0MT,man-short-sleeve-shirt,Man Short Sleeve Shirt,published,https://cdn.dummyjson.com/product-images/mens-shirts/man-short-sleeve-shirt/thumbnail.webp,variant_01KED0JKS9RD4WQ4JY5ZVRE865
prod_01KED06MBYEA6BQQ5F4EKAGTA9,rolex-cellini-date-black-dial,Rolex Cellini Date Black Dial,published,https://cdn.dummyjson.com/product-images/mens-watches/rolex-cellini-date-black-dial/thumbnail.webp,variant_01KED0JKSBFS8BSN5J0Q3WNF3Y
prod_01KED06MBYGA1ZBMXV9YPEMFVQ,brown-leather-belt-watch,Brown Leather Belt Watch,published,https://cdn.dummyjson.com/product-images/mens-watches/brown-leather-belt-watch/thumbnail.webp,variant_01KED0JKSBXKCE76C7NW424D2Q
prod_01KED06MBYGS4BMHYVHTE38M73,gigabyte-aorus-men-tshirt,Gigabyte Aorus Men Tshirt,published,https://cdn.dummyjson.com/product-images/mens-shirts/gigabyte-aorus-men-tshirt/thumbnail.webp,variant_01KED0JKS8R66F8ZXNADDKT8Q0
prod_01KED06MBYKEG2Q5F6JFC6SWCS,sports-sneakers-off-white-red,Sports Sneakers Off White & Red,published,https://cdn.dummyjson.com/product-images/mens-shoes/sports-sneakers-off-white-&-red/thumbnail.webp,variant_01KED0JKSAG9N4NB0DJENYD7GA
prod_01KED06MBYNGGVHRGGDKK4MZQR,men-check-shirt,Men Check Shirt,published,https://cdn.dummyjson.com/product-images/mens-shirts/men-check-shirt/thumbnail.webp,variant_01KED0JKS987KXWAW5ZRP97GYB
prod_01KED06MBYP4GJCXX9653FVJA4,lenovo-yoga-920,Lenovo Yoga 920,published,https://cdn.dummyjson.com/product-images/laptops/lenovo-yoga-920/thumbnail.webp,variant_01KED0JKS7KK2MKPPPXMAHKKNS
prod_01KED06MBYX0T4J7JVADDZ64J2,puma-future-rider-trainers,Puma Future Rider Trainers,published,https://cdn.dummyjson.com/product-images/mens-shoes/puma-future-rider-trainers/thumbnail.webp,variant_01KED0JKSABYM0WSZWS5WP0WQR
prod_01KED06MBZDGQXA1EZ17PKMKK1,rolex-submariner-watch,Rolex Submariner Watch,published,https://cdn.dummyjson.com/product-images/mens-watches/rolex-submariner-watch/thumbnail.webp,variant_01KED0JKSCD5N1VSGR2KHT7W5P
prod_01KED06MBZQV8RBD2RF03YCTZE,rolex-datejust,Rolex Datejust,published,https://cdn.dummyjson.com/product-images/mens-watches/rolex-datejust/thumbnail.webp,variant_01KED0JKSCQEAFNFN4RF2QGK2F
prod_01KED06MBZTQ4WS9R3C165MJND,apple-airpods,Apple Airpods,published,https://cdn.dummyjson.com/product-images/mobile-accessories/apple-airpods/thumbnail.webp,variant_01KED0JKSC4T18JSE2V6M3MYJW
prod_01KED06MBZZTDDXN30NEXZYJBA,amazon-echo-plus,Amazon Echo Plus,published,https://cdn.dummyjson.com/product-images/mobile-accessories/amazon-echo-plus/thumbnail.webp,variant_01KED0JKSCMAHH6YDV7W6SHWP4
prod_01KED06MVX9EQVNEWZ1E5VEFX9,beats-flex-wireless-earphones,Beats Flex Wireless Earphones,published,https://cdn.dummyjson.com/product-images/mobile-accessories/beats-flex-wireless-earphones/thumbnail.webp,variant_01KED0JM9FDGJTCZQFW0HCZR70
prod_01KED06MVXBZVWP4KGHVK48RPY,apple-magsafe-battery-pack,Apple MagSafe Battery Pack,published,https://cdn.dummyjson.com/product-images/mobile-accessories/apple-magsafe-battery-pack/thumbnail.webp,variant_01KED0JM9FK0EZM8M03PJ27RBY
prod_01KED06MVXC8B4J4QN52MK87MR,iphone-12-silicone-case-with-magsafe-plum,iPhone 12 Silicone Case with MagSafe Plum,published,https://cdn.dummyjson.com/product-images/mobile-accessories/iphone-12-silicone-case-with-magsafe-plum/thumbnail.webp,variant_01KED0JM9GBDDGE57HPX0TKDGD
prod_01KED06MVXEE4MD3MJ7EKYPJJ5,apple-airpods-max-silver,Apple AirPods Max Silver,published,https://cdn.dummyjson.com/product-images/mobile-accessories/apple-airpods-max-silver/thumbnail.webp,variant_01KED0JM9EM2D7YM99SB1TZKMA
prod_01KED06MVXFRQM6KA2JZCWHJH0,apple-homepod-mini-cosmic-grey,Apple HomePod Mini Cosmic Grey,published,https://cdn.dummyjson.com/product-images/mobile-accessories/apple-homepod-mini-cosmic-grey/thumbnail.webp,variant_01KED0JM9EMBGKRMZ44898A87Q
prod_01KED06MVXG8YQSNJPECCTHKE9,apple-watch-series-4-gold,Apple Watch Series 4 Gold,published,https://cdn.dummyjson.com/product-images/mobile-accessories/apple-watch-series-4-gold/thumbnail.webp,variant_01KED0JM9F8E12EP4A15P1TX55
prod_01KED06MVXQ1Y2DF4GP8D9351Z,apple-iphone-charger,Apple iPhone Charger,published,https://cdn.dummyjson.com/product-images/mobile-accessories/apple-iphone-charger/thumbnail.webp,variant_01KED0JM9FC9YJQC14X637X1B1
prod_01KED06MVXSN29SJWS57P7MKR5,apple-airpower-wireless-charger,Apple Airpower Wireless Charger,published,https://cdn.dummyjson.com/product-images/mobile-accessories/apple-airpower-wireless-charger/thumbnail.webp,variant_01KED0JM9E5HR7EG0X8QR35JP4
prod_01KED06MVY234544S5R3WZB7T6,sportbike-motorcycle,Sportbike Motorcycle,published,https://cdn.dummyjson.com/product-images/motorcycle/sportbike-motorcycle/thumbnail.webp,variant_01KED0JM9KHAZPWR927T6W3BY3
prod_01KED06MVY47GWG193Q7R2F48A,generic-motorcycle,Generic Motorcycle,published,https://cdn.dummyjson.com/product-images/motorcycle/generic-motorcycle/thumbnail.webp,variant_01KED0JM9HYN47QHFJVX9EK9BF
prod_01KED06MVY7M3RW5TJH1KXFVHW,olay-ultra-moisture-shea-butter-body-wash,Olay Ultra Moisture Shea Butter Body Wash,published,https://cdn.dummyjson.com/product-images/skin-care/olay-ultra-moisture-shea-butter-body-wash/thumbnail.webp,variant_01KED0JM9KS41VCXBHJXW1BMWS
prod_01KED06MVYFBFT13ZZ64F2KNS7,monopod,Monopod,published,https://cdn.dummyjson.com/product-images/mobile-accessories/monopod/thumbnail.webp,variant_01KED0JM9G5VMPG3HE4EZHPVEK
prod_01KED06MVYGZ4QCTZPX0PN84RW,selfie-stick-monopod,Selfie Stick Monopod,published,https://cdn.dummyjson.com/product-images/mobile-accessories/selfie-stick-monopod/thumbnail.webp,variant_01KED0JM9HD4PM4J9RY4D08VNS
prod_01KED06MVYJT560V1VGMEMBY93,attitude-super-leaves-hand-soap,Attitude Super Leaves Hand Soap,published,https://cdn.dummyjson.com/product-images/skin-care/attitude-super-leaves-hand-soap/thumbnail.webp,variant_01KED0JM9K8S5922RJ6MX0NBXC
prod_01KED06MVYMMACZYR2H936SB5X,tv-studio-camera-pedestal,TV Studio Camera Pedestal,published,https://cdn.dummyjson.com/product-images/mobile-accessories/tv-studio-camera-pedestal/thumbnail.webp,variant_01KED0JM9H0EDSCV2P97WKG2DZ
prod_01KED06MVYQZCTWK3V1B4FEPB9,selfie-lamp-with-iphone,Selfie Lamp with iPhone,published,https://cdn.dummyjson.com/product-images/mobile-accessories/selfie-lamp-with-iphone/thumbnail.webp,variant_01KED0JM9GNCWSP1BZ1QMMM0Z6
prod_01KED06MVYTDAE90WY1FRT71K4,scooter-motorcycle,Scooter Motorcycle,published,https://cdn.dummyjson.com/product-images/motorcycle/scooter-motorcycle/thumbnail.webp,variant_01KED0JM9JN6B5XF7EDB4ZHZBY
prod_01KED06MVYTDBK2PK5F2D04MTV,kawasaki-z800,Kawasaki Z800,published,https://cdn.dummyjson.com/product-images/motorcycle/kawasaki-z800/thumbnail.webp,variant_01KED0JM9JC61D6Z562JPTW4JG
prod_01KED06MVYW65M6MVWSXSPQKYB,motogp-cih1,MotoGP CI.H1,published,https://cdn.dummyjson.com/product-images/motorcycle/motogp-ci.h1/thumbnail.webp,variant_01KED0JM9JSK6XPG747T4PHP63
prod_01KED06MVYYPG0S3GYY2DDHWN7,vaseline-men-body-and-face-lotion,Vaseline Men Body and Face Lotion,published,https://cdn.dummyjson.com/product-images/skin-care/vaseline-men-body-and-face-lotion/thumbnail.webp,variant_01KED0JM9M018BQHGC0JVXQ4R2
prod_01KED06NF671TG9GVPD2FMSYHZ,oppo-a57,Oppo A57,published,https://cdn.dummyjson.com/product-images/smartphones/oppo-a57/thumbnail.webp,variant_01KED0JMQ0TFVK12RTHM95ZD28
prod_01KED06NF67GDXRPMWQ3VVHXXT,iphone-5s,iPhone 5s,published,https://cdn.dummyjson.com/product-images/smartphones/iphone-5s/thumbnail.webp,variant_01KED0JMPZBVRGETPF728P1P3C
prod_01KED06NF686MN85S5WJFH2Z9E,realme-xt,Realme XT,published,https://cdn.dummyjson.com/product-images/smartphones/realme-xt/thumbnail.webp,variant_01KED0JMQ27WHNZNZEK751RY2N
prod_01KED06NF6BEEJ4QX5YVFW91K5,oppo-k1,Oppo K1,published,https://cdn.dummyjson.com/product-images/smartphones/oppo-k1/thumbnail.webp,variant_01KED0JMQ1J52ZSY97RANK7FJK
prod_01KED06NF6PEEGDY4N9CT7FD91,iphone-13-pro,iPhone 13 Pro,published,https://cdn.dummyjson.com/product-images/smartphones/iphone-13-pro/thumbnail.webp,variant_01KED0JMPZQBMC71E34QSRYPCB
prod_01KED06NF6QS5M4H8VNFB271TZ,iphone-x,iPhone X,published,https://cdn.dummyjson.com/product-images/smartphones/iphone-x/thumbnail.webp,variant_01KED0JMQ01F9JW2JMZJHC6V93
prod_01KED06NF6TGWY3V99KSQG9THD,realme-x,Realme X,published,https://cdn.dummyjson.com/product-images/smartphones/realme-x/thumbnail.webp,variant_01KED0JMQ121HH28Y6DHF7PSYY
prod_01KED06NF6VYFCC3GHBJJDD42P,iphone-6,iPhone 6,published,https://cdn.dummyjson.com/product-images/smartphones/iphone-6/thumbnail.webp,variant_01KED0JMPZ68TZQWTMQ357F5E3
prod_01KED06NF6WW6CCCVVTSJ11PFV,oppo-f19-pro-plus,Oppo F19 Pro Plus,published,https://cdn.dummyjson.com/product-images/smartphones/oppo-f19-pro-plus/thumbnail.webp,variant_01KED0JMQ06QDDS3W05GFZGKRZ
prod_01KED06NF6YYG2Y815F1J0R2WC,realme-c35,Realme C35,published,https://cdn.dummyjson.com/product-images/smartphones/realme-c35/thumbnail.webp,variant_01KED0JMQ1QFQ3AWNK8362NEBN
prod_01KED06NF703PVC7MD4839EJ22,baseball-glove,Baseball Glove,published,https://cdn.dummyjson.com/product-images/sports-accessories/baseball-glove/thumbnail.webp,variant_01KED0JMQ4VZNFDKRSNYM3AWG9
prod_01KED06NF72G2A3DPZ6K5MQX5V,vivo-x21,Vivo X21,published,https://cdn.dummyjson.com/product-images/smartphones/vivo-x21/thumbnail.webp,variant_01KED0JMQ35XRXB28N2M96C5WE
prod_01KED06NF735EFVHTJ7JX2263N,basketball,Basketball,published,https://cdn.dummyjson.com/product-images/sports-accessories/basketball/thumbnail.webp,variant_01KED0JMQ4RQG7TCKGVHNSZAJV
prod_01KED06NF77H8E4S2SN6MEGSYJ,vivo-s1,Vivo S1,published,https://cdn.dummyjson.com/product-images/smartphones/vivo-s1/thumbnail.webp,variant_01KED0JMQ3FN18QCKQNPZXCNJT
prod_01KED06NF77K8QPPNYXRGA9BA3,american-football,American Football,published,https://cdn.dummyjson.com/product-images/sports-accessories/american-football/thumbnail.webp,variant_01KED0JMQ4Y99FQR6YMYDNR21A
prod_01KED06NF7AZRF3ZZM11W29V6K,samsung-galaxy-s10,Samsung Galaxy S10,published,https://cdn.dummyjson.com/product-images/smartphones/samsung-galaxy-s10/thumbnail.webp,variant_01KED0JMQ3P94CC8VE3NA0G659
prod_01KED06NF7D7EXFAEYSJ27PNQ5,vivo-v9,Vivo V9,published,https://cdn.dummyjson.com/product-images/smartphones/vivo-v9/thumbnail.webp,variant_01KED0JMQ3G713YFBAGQTTRGGT
prod_01KED06NF7EKW16CCRA5S1XNCD,samsung-galaxy-s8,Samsung Galaxy S8,published,https://cdn.dummyjson.com/product-images/smartphones/samsung-galaxy-s8/thumbnail.webp,variant_01KED0JMQ2J2HW6D2323GPZ7JV
prod_01KED06NF7JQSR9KAH7E97EM25,samsung-galaxy-s7,Samsung Galaxy S7,published,https://cdn.dummyjson.com/product-images/smartphones/samsung-galaxy-s7/thumbnail.webp,variant_01KED0JMQ2XK7CX4SFV7FRF2SP
prod_01KED06NF7Y70JAQ71DW4STN2W,baseball-ball,Baseball Ball,published,https://cdn.dummyjson.com/product-images/sports-accessories/baseball-ball/thumbnail.webp,variant_01KED0JMQ4YS0JKVEYH37G8QEE
prod_01KED06NYYH3C81ZDH9NA8P781,cricket-ball,Cricket Ball,published,https://cdn.dummyjson.com/product-images/sports-accessories/cricket-ball/thumbnail.webp,variant_01KED0JN5ZP4A2XM2VHSW6B7YX
prod_01KED06NYYPDMHC0G7BBMXJYP3,cricket-bat,Cricket Bat,published,https://cdn.dummyjson.com/product-images/sports-accessories/cricket-bat/thumbnail.webp,variant_01KED0JN5ZE5S3KDSHY4RV7M66
prod_01KED06NYYRCRYK0EHSR1SDPY6,basketball-rim,Basketball Rim,published,https://cdn.dummyjson.com/product-images/sports-accessories/basketball-rim/thumbnail.webp,variant_01KED0JN5ZAVBK796X0DDFXABX
prod_01KED06NYZ1116V5QYDNAA0Y78,tennis-ball,Tennis Ball,published,https://cdn.dummyjson.com/product-images/sports-accessories/tennis-ball/thumbnail.webp,variant_01KED0JN614NJF65ZQV7HC8WNJ
prod_01KED06NYZ1MHV2TJ4121QR1BE,feather-shuttlecock,Feather Shuttlecock,published,https://cdn.dummyjson.com/product-images/sports-accessories/feather-shuttlecock/thumbnail.webp,variant_01KED0JN60D0X71F7J4QAPDYXD
prod_01KED06NYZ6SYZNQ9G8X6PPWX4,classic-sun-glasses,Classic Sun Glasses,published,https://cdn.dummyjson.com/product-images/sunglasses/classic-sun-glasses/thumbnail.webp,variant_01KED0JN6263RGNCVQ68N72V48
prod_01KED06NYZ7N9XEA3SE44RM1A3,metal-baseball-bat,Metal Baseball Bat,published,https://cdn.dummyjson.com/product-images/sports-accessories/metal-baseball-bat/thumbnail.webp,variant_01KED0JN61K0DFVHSTZJT7Z17J
prod_01KED06NYZ7SQWXD3F19R1RJPY,volleyball,Volleyball,published,https://cdn.dummyjson.com/product-images/sports-accessories/volleyball/thumbnail.webp,variant_01KED0JN62NVB5XTGW005RBRMZ
prod_01KED06NYZ8ZSGWZ0YNFGFJS79,sunglasses,Sunglasses,published,https://cdn.dummyjson.com/product-images/sunglasses/sunglasses/thumbnail.webp,variant_01KED0JN63SC3DSK16S7GBQJT8
prod_01KED06NYZAGTRH4QQ22ZNN7B1,green-and-black-glasses,Green and Black Glasses,published,https://cdn.dummyjson.com/product-images/sunglasses/green-and-black-glasses/thumbnail.webp,variant_01KED0JN63668W4VYF8T038S22
prod_01KED06NYZE4P783526PM6R93P,golf-ball,Golf Ball,published,https://cdn.dummyjson.com/product-images/sports-accessories/golf-ball/thumbnail.webp,variant_01KED0JN61TM3G545YDY7F2JDF
prod_01KED06NYZJFCXEZEGT5G7Q1JP,party-glasses,Party Glasses,published,https://cdn.dummyjson.com/product-images/sunglasses/party-glasses/thumbnail.webp,variant_01KED0JN635TC8P7C93JQAJEYH
prod_01KED06NYZJPMSS5JMVFYZ1BKB,football,Football,published,https://cdn.dummyjson.com/product-images/sports-accessories/football/thumbnail.webp,variant_01KED0JN608VXV1YG7FRS2DGWM
prod_01KED06NYZPYDZVJEKW2ZR5ENA,black-sun-glasses,Black Sun Glasses,published,https://cdn.dummyjson.com/product-images/sunglasses/black-sun-glasses/thumbnail.webp,variant_01KED0JN62DDXS6TQC6WEKQPF2
prod_01KED06NYZQ7R9057H6ERJHPEH,cricket-helmet,Cricket Helmet,published,https://cdn.dummyjson.com/product-images/sports-accessories/cricket-helmet/thumbnail.webp,variant_01KED0JN60W5R0N8PHG37WP9Z0
prod_01KED06NYZR7XMB4AYC1286JWA,iron-golf,Iron Golf,published,https://cdn.dummyjson.com/product-images/sports-accessories/iron-golf/thumbnail.webp,variant_01KED0JN616Q6SMHHB3C1HHK4N
prod_01KED06NYZRDATJ354GZMDV4B5,cricket-wicket,Cricket Wicket,published,https://cdn.dummyjson.com/product-images/sports-accessories/cricket-wicket/thumbnail.webp,variant_01KED0JN6075WHFK47DRV3Z299
prod_01KED06NYZT93GQYBRKNN64PF4,tennis-racket,Tennis Racket,published,https://cdn.dummyjson.com/product-images/sports-accessories/tennis-racket/thumbnail.webp,variant_01KED0JN62N2N9BCH1P9HSWG9H
prod_01KED06NZ0GF3HGJB8S19V8QMQ,samsung-galaxy-tab-s8-plus-grey,Samsung Galaxy Tab S8 Plus Grey,published,https://cdn.dummyjson.com/product-images/tablets/samsung-galaxy-tab-s8-plus-grey/thumbnail.webp,variant_01KED0JN64RHK8R1472N2BSJZT
prod_01KED06NZ0KA6MT31ZFFWEFVCK,ipad-mini-2021-starlight,iPad Mini 2021 Starlight,published,https://cdn.dummyjson.com/product-images/tablets/ipad-mini-2021-starlight/thumbnail.webp,variant_01KED0JN64F1QY972RF35ZXB0V
prod_01KED06PBSKMKS8EE3FTR9CFPJ,samsung-galaxy-tab-white,Samsung Galaxy Tab White,published,https://cdn.dummyjson.com/product-images/tablets/samsung-galaxy-tab-white/thumbnail.webp,variant_01KED0JNPA71EGGK082AZQQ6ZG
prod_01KED06PBT2BZ0N1JM3RPDGYJY,pacifica-touring,Pacifica Touring,published,https://cdn.dummyjson.com/product-images/vehicle/pacifica-touring/thumbnail.webp,variant_01KED0JNPEZ7YMP8S6JFNPMQH3
prod_01KED06PBT3FTHDSKN9391YG30,white-faux-leather-backpack,White Faux Leather Backpack,published,https://cdn.dummyjson.com/product-images/womens-bags/white-faux-leather-backpack/thumbnail.webp,variant_01KED0JNPGP47S8D55KWH7617W
prod_01KED06PBT7TR2765AAXXGVHEQ,dodge-hornet-gt-plus,Dodge Hornet GT Plus,published,https://cdn.dummyjson.com/product-images/vehicle/dodge-hornet-gt-plus/thumbnail.webp,variant_01KED0JNPDVFMHB372142FSZ4M
prod_01KED06PBTADRAT4EQAG5BA8M7,black-womens-gown,Black Women's Gown,published,https://cdn.dummyjson.com/product-images/womens-dresses/black-women's-gown/thumbnail.webp,variant_01KED0JNPG91SQA984T2JXC6PD
prod_01KED06PBTBD507V0FMTX2G14R,blue-womens-handbag,Blue Women's Handbag,published,https://cdn.dummyjson.com/product-images/womens-bags/blue-women's-handbag/thumbnail.webp,variant_01KED0JNPFCYBG3ZBDE1EE0GHW
prod_01KED06PBTDHKESD6VKNG04B42,short-frock,Short Frock,published,https://cdn.dummyjson.com/product-images/tops/short-frock/thumbnail.webp,variant_01KED0JNPCKF706GTAVPS7844D
prod_01KED06PBTE6MEJ4BKTVSKQ1XM,corset-leather-with-skirt,Corset Leather With Skirt,published,https://cdn.dummyjson.com/product-images/womens-dresses/corset-leather-with-skirt/thumbnail.webp,variant_01KED0JNPHC32VNPXZ3SDX7A0J
prod_01KED06PBTG03A5GCWR6ZG8P8J,prada-women-bag,Prada Women Bag,published,https://cdn.dummyjson.com/product-images/womens-bags/prada-women-bag/thumbnail.webp,variant_01KED0JNPFFPFCDTWB2B58F64S
prod_01KED06PBTGJ5J5D5KA68X8KSQ,tartan-dress,Tartan Dress,published,https://cdn.dummyjson.com/product-images/tops/tartan-dress/thumbnail.webp,variant_01KED0JNPC0PZZKE26FQQZP66G
prod_01KED06PBTHD8AFA6HEQ7MER7H,gray-dress,Gray Dress,published,https://cdn.dummyjson.com/product-images/tops/gray-dress/thumbnail.webp,variant_01KED0JNPB1R6BZHF0QRE32CAP
prod_01KED06PBTKR92HCMB2M005TD1,girl-summer-dress,Girl Summer Dress,published,https://cdn.dummyjson.com/product-images/tops/girl-summer-dress/thumbnail.webp,variant_01KED0JNPBZKMEPZD1QP26SGD8
prod_01KED06PBTMH9AKYJJWY48C50A,300-touring,300 Touring,published,https://cdn.dummyjson.com/product-images/vehicle/300-touring/thumbnail.webp,variant_01KED0JNPCRF49JDQAXE50GX9V
prod_01KED06PBTMTWNSD6HFDSASG6G,heshe-womens-leather-bag,Heshe Women's Leather Bag,published,https://cdn.dummyjson.com/product-images/womens-bags/heshe-women's-leather-bag/thumbnail.webp,variant_01KED0JNPFFDZ8FS30XCJ0QF3K
prod_01KED06PBTPFTAH4MKEV0DZ9MK,women-handbag-black,Women Handbag Black,published,https://cdn.dummyjson.com/product-images/womens-bags/women-handbag-black/thumbnail.webp,variant_01KED0JNPG7KPBTR11BYRNZ1Z2
prod_01KED06PBTSYH3ZQ77Q27NSQ7V,durango-sxt-rwd,Durango SXT RWD,published,https://cdn.dummyjson.com/product-images/vehicle/durango-sxt-rwd/thumbnail.webp,variant_01KED0JNPESAJQ6A5HZZ2TF7P4
prod_01KED06PBTV5TZDS87HZPYMH0J,charger-sxt-rwd,Charger SXT RWD,published,https://cdn.dummyjson.com/product-images/vehicle/charger-sxt-rwd/thumbnail.webp,variant_01KED0JNPDEVYB4BVW1CT5B948
prod_01KED06PBTVGBHHRNPSKXPD0X3,blue-frock,Blue Frock,published,https://cdn.dummyjson.com/product-images/tops/blue-frock/thumbnail.webp,variant_01KED0JNPBKAHZPNFX1Z7SNS36
prod_01KED06PBV1ARNPJFEM7NS91YX,dress-pea,Dress Pea,published,https://cdn.dummyjson.com/product-images/womens-dresses/dress-pea/thumbnail.webp,variant_01KED0JNPHGDA14FZT9XNFKMDN
prod_01KED06PBVD7GCKN6A08MM1GQW,corset-with-black-skirt,Corset With Black Skirt,published,https://cdn.dummyjson.com/product-images/womens-dresses/corset-with-black-skirt/thumbnail.webp,variant_01KED0JNPH73MHDWTQ6HQZJCN7
prod_01KED06PT1VM74WFVZG08C2JX7,marni-red-black-suit,Marni Red & Black Suit,published,https://cdn.dummyjson.com/product-images/womens-dresses/marni-red-&-black-suit/thumbnail.webp,variant_01KED0JP60JTDDEE2Z342Y1P5A
prod_01KED06PT248Y5BNPDN5ENWHY3,calvin-klein-heel-shoes,Calvin Klein Heel Shoes,published,https://cdn.dummyjson.com/product-images/womens-shoes/calvin-klein-heel-shoes/thumbnail.webp,variant_01KED0JP62RBRCVCT05X159A5M
prod_01KED06PT29B20BRVV4ZWGJFC5,watch-gold-for-women,Watch Gold for Women,published,https://cdn.dummyjson.com/product-images/womens-watches/watch-gold-for-women/thumbnail.webp,variant_01KED0JP644V9VM55Y5V3BZ5JH
prod_01KED06PT2KBMR3E7R15Z6A9GF,rolex-datejust-women,Rolex Datejust Women,published,https://cdn.dummyjson.com/product-images/womens-watches/rolex-datejust-women/thumbnail.webp,variant_01KED0JP646H1EWG8HHP6ZB91D
prod_01KED06PT2MTSHWZQXB6KWZZRF,green-oval-earring,Green Oval Earring,published,https://cdn.dummyjson.com/product-images/womens-jewellery/green-oval-earring/thumbnail.webp,variant_01KED0JP61CN2RB04X1NMS011B
prod_01KED06PT2NN79Q7BX56C3SKQY,womens-wrist-watch,Women's Wrist Watch,published,https://cdn.dummyjson.com/product-images/womens-watches/women's-wrist-watch/thumbnail.webp,variant_01KED0JP65Z35CF6D5RGFVG9AA
prod_01KED06PT2PQVZSHXPQ6XAW5Y3,black-brown-slipper,Black & Brown Slipper,published,https://cdn.dummyjson.com/product-images/womens-shoes/black-&-brown-slipper/thumbnail.webp,variant_01KED0JP62CYPGTX5JTY169P3Z
prod_01KED06PT2Q3C6WABNQNQ327RP,iwc-ingenieur-automatic-steel,IWC Ingenieur Automatic Steel,published,https://cdn.dummyjson.com/product-images/womens-watches/iwc-ingenieur-automatic-steel/thumbnail.webp,variant_01KED0JP648ZK9X73ETS59Q06X
prod_01KED06PT2RVDWHA2BBJ8TN410,golden-shoes-woman,Golden Shoes Woman,published,https://cdn.dummyjson.com/product-images/womens-shoes/golden-shoes-woman/thumbnail.webp,variant_01KED0JP62YA639YJNNABPH9E9
prod_01KED06PT2ST0PWGT3971GEFMN,green-crystal-earring,Green Crystal Earring,published,https://cdn.dummyjson.com/product-images/womens-jewellery/green-crystal-earring/thumbnail.webp,variant_01KED0JP602A0KPK1FS1ZNZFA2
prod_01KED06PT2VQB706QGMGWJP0BX,pampi-shoes,Pampi Shoes,published,https://cdn.dummyjson.com/product-images/womens-shoes/pampi-shoes/thumbnail.webp,variant_01KED0JP63QJG2XCP7NYX0ZJ74
prod_01KED06PT2VSQDTY46RYQK7VQ3,tropical-earring,Tropical Earring,published,https://cdn.dummyjson.com/product-images/womens-jewellery/tropical-earring/thumbnail.webp,variant_01KED0JP61BBFG05S2C61X937B
prod_01KED06PT2Z1XZYTVNBQ4STH6Q,red-shoes,Red Shoes,published,https://cdn.dummyjson.com/product-images/womens-shoes/red-shoes/thumbnail.webp,variant_01KED0JP63AKCTEV13WN69WZDN